1,lbarnett0,seattletimes.com,12/22/2019
2,blightollers1,nasa.gov,7/7/2019
3,dgillian2,bizjournals.com,6/14/2019
4,kberecloth3,wufoo.com,12/17/2019
5,hmensler4,tripadvisor.com,12/29/2019
6,nkellogg5,amazonaws.com,6/11/2019
7,kniaves6,fema.gov,2/25/2020
8,mblaxall7,wikimedia.org,3/7/2019
9,toloughnan8,google.ca,5/9/2019
10,gsaye9,discuz.net,6/1/2019
11,lchallendera,plala.or.jp,8/20/2019
12,vwhittersb,cbsnews.com,10/11/2019
13,caspolec,exblog.jp,6/15/2019
14,smatthensend,goo.ne.jp,12/6/2019
15,ehawkette,uiuc.edu,5/3/2019
16,ddunnettf,angelfire.com,4/18/2019
17,ghollowsg,washington.edu,12/30/2019
18,fyeldh,last.fm,12/20/2019
19,tbearti,wisc.edu,7/1/2019
20,mrowlattj,barnesandnoble.com,2/18/2020
21,aphizackarleyk,nasa.gov,12/7/2019
22,fneeml,cnet.com,10/30/2019
23,aosgorbym,nationalgeographic.com,5/5/2019
24,dpoundsn,unesco.org,11/9/2019
25,sdybbeo,ifeng.com,3/13/2019
26,mcolesonp,marketwatch.com,2/2/2020
27,ikinmondq,house.gov,2/29/2020
28,kdevalr,unicef.org,3/25/2019
29,mbuxseys,state.gov,3/25/2019
30,dlaurischt,army.mil,3/17/2019
31,jpurtellu,slideshare.net,11/2/2019
32,lkopfenv,who.int,2/5/2020
33,etullyw,gnu.org,5/13/2019
34,asollowayx,mayoclinic.com,3/5/2019
35,gcharsleyy,pinterest.com,4/19/2019
36,mhuebnerz,tiny.cc,11/22/2019
37,phorsey10,over-blog.com,11/23/2019
38,mklimkov11,cnbc.com,11/16/2019
39,jpennick12,t.co,7/28/2019
40,amadrell13,newyorker.com,3/7/2019
41,bskermer14,yandex.ru,7/17/2019
42,lmcadam15,paginegialle.it,2/8/2020
43,jtruter16,bloglovin.com,4/10/2019
44,rproger17,berkeley.edu,4/14/2019
45,jvanderkruijs18,bravesites.com,5/5/2019
46,rreynolds19,usatoday.com,3/9/2019
47,hungerecht1a,topsy.com,6/10/2019
48,dbilbey1b,trellian.com,5/2/2019
49,fspieck1c,sun.com,5/21/2019
50,amordan1d,a8.net,10/18/2019
51,ltretter1e,acquirethisname.com,10/12/2019
52,bmccartney1f,sbwire.com,12/15/2019
53,vcranke1g,arstechnica.com,8/24/2019
54,jcoady1h,yahoo.com,12/12/2019
55,bnormansell1i,wordpress.org,10/7/2019
56,lweald1j,sitemeter.com,5/2/2019
57,dshilvock1k,google.ru,11/14/2019
58,hpatullo1l,psu.edu,7/8/2019
59,dmullaly1m,furl.net,2/2/2020
60,zdiboll1n,oaic.gov.au,5/3/2019
61,lbullus1o,elpais.com,11/25/2019
62,gbaake1p,example.com,10/29/2019
63,melland1q,php.net,2/25/2020
64,ntamplin1r,nifty.com,10/1/2019
65,gsugars1s,businesswire.com,2/20/2020
66,kboothby1t,cocolog-nifty.com,10/29/2019
67,mocosgra1u,acquirethisname.com,11/8/2019
68,mspelwood1v,va.gov,1/31/2020
69,fpitrasso1w,ovh.net,4/9/2019
70,jgoing1x,freewebs.com,2/4/2020
71,kdigweed1y,google.com.au,9/28/2019
72,mtythacott1z,shutterfly.com,4/27/2019
73,scamock20,sogou.com,8/22/2019
74,kmenaul21,whitehouse.gov,8/26/2019
75,iaimer22,cornell.edu,6/27/2019
76,romara23,amazonaws.com,7/15/2019
77,mcarratt24,nydailynews.com,10/6/2019
78,jdarlaston25,ftc.gov,10/3/2019
79,kcastleton26,friendfeed.com,10/31/2019
80,dflorez27,github.com,12/12/2019
81,cgoodison28,g.co,3/23/2019
82,cboulds29,columbia.edu,12/29/2019
83,lstud2a,taobao.com,11/26/2019
84,ucorter2b,nifty.com,5/31/2019
85,tbissill2c,sina.com.cn,7/9/2019
86,gbridat2d,home.pl,6/20/2019
87,dschrei2e,rediff.com,4/5/2019
88,nmaidstone2f,w3.org,10/10/2019
89,hsaxon2g,barnesandnoble.com,1/19/2020
90,gpilbury2h,slideshare.net,3/29/2019
91,mbloxam2i,4shared.com,4/9/2019
92,rpatkin2j,devhub.com,4/12/2019
93,sadanez2k,yahoo.co.jp,10/28/2019
94,gjedrzejkiewicz2l,google.com.br,3/14/2019
95,dlippini2m,gravatar.com,3/29/2019
96,ascain2n,xing.com,5/11/2019
97,sallaker2o,odnoklassniki.ru,1/13/2020
98,icurlis2p,about.me,5/23/2019
99,atennet2q,shop-pro.jp,4/25/2019
100,dravenshaw2r,businessweek.com,8/15/2019
101,rhouse2s,hubpages.com,12/30/2019
102,aandrolli2t,columbia.edu,10/18/2019
103,hfright2u,edublogs.org,5/14/2019
104,tmulvey2v,sina.com.cn,11/15/2019
105,fparrish2w,ihg.com,5/16/2019
106,lcolecrough2x,artisteer.com,4/8/2019
107,rschonfeld2y,posterous.com,6/11/2019
108,civanichev2z,technorati.com,4/28/2019
109,lbreagan30,dedecms.com,10/4/2019
110,fmuat31,xinhuanet.com,10/7/2019
111,ksoden32,youtu.be,7/26/2019
112,teasby33,dell.com,9/11/2019
113,pgook34,usa.gov,6/17/2019
114,lrizzardi35,miitbeian.gov.cn,6/2/2019
115,alintill36,narod.ru,12/17/2019
116,tjaffra37,is.gd,6/24/2019
117,kcoo38,tamu.edu,9/11/2019
118,ccasol39,adobe.com,11/17/2019
119,ntidbold3a,hibu.com,6/18/2019
120,modocherty3b,trellian.com,11/8/2019
121,wsturgeon3c,godaddy.com,8/20/2019
122,sleverich3d,amazon.de,12/25/2019
123,dcoggill3e,merriam-webster.com,2/7/2020
124,hokeefe3f,yale.edu,7/25/2019
125,rroelvink3g,clickbank.net,8/11/2019
126,shousbey3h,marriott.com,12/13/2019
127,pgallamore3i,oracle.com,6/25/2019
128,lroutham3j,webs.com,3/15/2019
129,lnice3k,ning.com,9/7/2019
130,jgrealey3l,google.co.jp,12/21/2019
131,abuscher3m,youtube.com,10/17/2019
132,lfawson3n,51.la,3/26/2019
133,hlabden3o,psu.edu,8/6/2019
134,zlean3p,e-recht24.de,12/10/2019
135,emattioli3q,imdb.com,7/28/2019
136,hterrazzo3r,g.co,9/20/2019
137,nshipsey3s,hhs.gov,5/1/2019
138,lwrightam3t,mysql.com,6/6/2019
139,vwarret3u,prnewswire.com,10/18/2019
140,hbrydson3v,miitbeian.gov.cn,9/30/2019
141,mmckerley3w,odnoklassniki.ru,6/12/2019
142,mmorteo3x,vimeo.com,9/18/2019
143,emetcalf3y,netvibes.com,6/7/2019
144,dcalley3z,sakura.ne.jp,10/3/2019
145,gmulcaster40,squidoo.com,6/13/2019
146,gbacksal41,java.com,4/25/2019
147,ariby42,boston.com,9/13/2019
148,lcovil43,yelp.com,7/5/2019
149,lbadini44,acquirethisname.com,5/20/2019
150,jtipperton45,51.la,9/8/2019
151,cmishaw46,hubpages.com,4/21/2019
152,dblankhorn47,t.co,3/19/2019
153,sprendergrass48,multiply.com,2/10/2020
154,lkohlert49,comsenz.com,1/12/2020
155,tdiboldi4a,umn.edu,3/23/2019
156,msteward4b,over-blog.com,1/26/2020
157,elegge4c,deliciousdays.com,1/14/2020
158,lkobke4d,slate.com,9/26/2019
159,gjupp4e,google.co.jp,4/15/2019
160,chubber4f,cyberchimps.com,3/16/2019
161,svankov4g,scientificamerican.com,9/30/2019
162,wkinchin4h,microsoft.com,6/17/2019
163,tbeels4i,last.fm,3/10/2019
164,eplowman4j,mozilla.com,10/19/2019
165,egouda4k,mtv.com,8/17/2019
166,spay4l,yahoo.com,9/10/2019
167,akibbee4m,unicef.org,11/2/2019
168,hmonk4n,nyu.edu,7/19/2019
169,dbaulcombe4o,chicagotribune.com,8/7/2019
170,agosden4p,usatoday.com,7/26/2019
171,frising4q,privacy.gov.au,3/26/2019
172,crickerd4r,tumblr.com,7/29/2019
173,tleedes4s,reddit.com,12/8/2019
174,ldoniso4t,mozilla.org,2/3/2020
175,sbysh4u,wired.com,6/7/2019
176,ecastelluzzi4v,amazonaws.com,9/4/2019
177,acastillou4w,cbc.ca,1/28/2020
178,ucornall4x,twitter.com,5/31/2019
179,gnorthedge4y,ibm.com,2/26/2020
180,pstonuary4z,squarespace.com,6/16/2019
181,sspaunton50,mozilla.com,5/6/2019
182,cfranzolini51,noaa.gov,2/22/2020
183,aleworthy52,arizona.edu,9/26/2019
184,afussey53,statcounter.com,11/1/2019
185,hleatt54,state.tx.us,3/17/2019
186,nshaughnessy55,blogtalkradio.com,5/7/2019
187,icollman56,behance.net,8/20/2019
188,mniece57,about.com,5/7/2019
189,kdrewry58,mac.com,9/29/2019
190,gmadner59,economist.com,5/16/2019
191,islamaker5a,nba.com,6/27/2019
192,agatrell5b,hostgator.com,1/20/2020
193,awims5c,gmpg.org,5/17/2019
194,fdielhenn5d,bing.com,6/2/2019
195,yelement5e,europa.eu,9/28/2019
196,sgoodlife5f,java.com,12/28/2019
197,lmccullough5g,elpais.com,10/26/2019
198,bbenza5h,canalblog.com,8/11/2019
199,wshatliffe5i,wunderground.com,7/10/2019
200,jventum5j,bravesites.com,1/26/2020
201,ntinner5k,1688.com,10/19/2019
202,aporteous5l,php.net,7/20/2019
203,jcawsy5m,github.io,1/24/2020
204,ckalf5n,google.it,6/4/2019
205,seliasen5o,abc.net.au,7/19/2019
206,lfeeham5p,storify.com,12/15/2019
207,bdessent5q,printfriendly.com,5/23/2019
208,tferreres5r,nymag.com,5/14/2019
209,rbonsul5s,hubpages.com,11/29/2019
210,lfrobisher5t,toplist.cz,5/3/2019
211,hpawlaczyk5u,over-blog.com,4/13/2019
212,adebruyn5v,dagondesign.com,11/11/2019
213,hstaddart5w,51.la,6/6/2019
214,jvittori5x,buzzfeed.com,11/16/2019
215,clandal5y,apple.com,12/29/2019
216,fhusset5z,mozilla.com,10/27/2019
217,dlownsbrough60,gov.uk,5/21/2019
218,hglitherow61,skype.com,10/12/2019
219,vallden62,bbc.co.uk,10/11/2019
220,sabbes63,ibm.com,12/21/2019
221,sgambie64,oracle.com,6/7/2019
222,nclitheroe65,ebay.com,10/1/2019
223,swillder66,odnoklassniki.ru,6/1/2019
224,dalbert67,shutterfly.com,5/28/2019
225,chawton68,uiuc.edu,9/11/2019
226,elangland69,furl.net,12/14/2019
227,tgiffkins6a,canalblog.com,5/17/2019
228,ebouts6b,pagesperso-orange.fr,6/14/2019
229,jlahy6c,time.com,6/18/2019
230,lworviell6d,seesaa.net,3/22/2019
231,rknottley6e,umich.edu,5/6/2019
232,ejanca6f,istockphoto.com,8/11/2019
233,bsteffans6g,arizona.edu,4/23/2019
234,awetter6h,sohu.com,11/10/2019
235,bgoldhawk6i,etsy.com,2/27/2020
236,nleprovost6j,chicagotribune.com,11/28/2019
237,gdellorto6k,privacy.gov.au,3/27/2019
238,pplumridege6l,dion.ne.jp,4/16/2019
239,nfahy6m,goo.ne.jp,2/12/2020
240,ewhartonby6n,amazon.com,5/8/2019
241,sprudham6o,salon.com,8/25/2019
242,abaumler6p,nba.com,10/2/2019
243,otreadgear6q,desdev.cn,4/9/2019
244,ktierny6r,dion.ne.jp,8/23/2019
245,rsamwell6s,europa.eu,2/3/2020
246,aroostan6t,arizona.edu,5/17/2019
247,kmulvaney6u,bravesites.com,7/12/2019
248,nedyson6v,woothemes.com,1/25/2020
249,ktreffrey6w,cnn.com,3/27/2019
250,vcunniffe6x,usa.gov,10/13/2019
251,ladne6y,bandcamp.com,1/8/2020
252,ugales6z,amazon.co.jp,4/4/2019
253,picom70,360.cn,11/12/2019
254,mbraidon71,wikimedia.org,1/29/2020
255,ovickors72,abc.net.au,6/21/2019
256,jhammerson73,japanpost.jp,10/22/2019
257,mkingsnoad74,histats.com,3/23/2019
258,gspataro75,biglobe.ne.jp,4/16/2019
259,vjefford76,prnewswire.com,11/16/2019
260,bcallaway77,ehow.com,12/27/2019
261,winstone78,google.pl,5/30/2019
262,cgoldspink79,upenn.edu,3/16/2019
263,rsweynson7a,tumblr.com,12/26/2019
264,fbouette7b,omniture.com,3/13/2019
265,mmayhead7c,wikispaces.com,3/4/2019
266,gbarbie7d,chron.com,1/1/2020
267,tdefreyne7e,homestead.com,11/7/2019
268,jtilt7f,netvibes.com,3/25/2019
269,jfontes7g,storify.com,6/17/2019
270,mtaysbil7h,howstuffworks.com,3/1/2020
271,nnewlove7i,studiopress.com,12/19/2019
272,adayce7j,geocities.jp,2/25/2020
273,efountaine7k,google.com.hk,6/29/2019
274,vboncoeur7l,google.es,2/27/2020
275,lpalmby7m,over-blog.com,7/10/2019
276,nabbiss7n,imgur.com,3/10/2019
277,mkitching7o,ucla.edu,3/23/2019
278,lwands7p,japanpost.jp,9/5/2019
279,rgreendale7q,blinklist.com,11/9/2019
280,gimlacke7r,wired.com,10/23/2019
281,rwhitewood7s,amazon.com,6/21/2019
282,vhadeke7t,bravesites.com,12/15/2019
283,mricoald7u,japanpost.jp,5/4/2019
284,scosley7v,timesonline.co.uk,11/15/2019
285,knewe7w,tinyurl.com,7/30/2019
286,cmcgorley7x,google.ca,1/28/2020
287,jwilsee7y,yellowbook.com,7/1/2019
288,enozzolinii7z,dailymail.co.uk,11/7/2019
289,ystratley80,a8.net,7/25/2019
290,ckeppe81,studiopress.com,8/2/2019
291,cscamp82,blogger.com,4/28/2019
292,lgratland83,ask.com,9/3/2019
293,byorath84,bluehost.com,9/8/2019
294,sblinman85,ow.ly,3/12/2019
295,smurrow86,dell.com,12/30/2019
296,jhowen87,etsy.com,3/16/2019
297,manyon88,printfriendly.com,10/27/2019
298,icullin89,sitemeter.com,3/4/2019
299,pwardhaugh8a,hc360.com,11/29/2019
300,fanthiftle8b,reference.com,5/26/2019
301,vbulman8c,multiply.com,1/22/2020
302,cfinnie8d,bluehost.com,9/7/2019
303,cmcvicker8e,chron.com,10/25/2019
304,coldroyde8f,sfgate.com,4/3/2019
305,tstormont8g,gmpg.org,7/29/2019
306,nglisenan8h,1688.com,10/20/2019
307,aconisbee8i,blog.com,5/7/2019
308,sreader8j,arstechnica.com,3/2/2019
309,jboarleyson8k,wired.com,5/2/2019
310,cbuckeridge8l,unblog.fr,8/10/2019
311,blineham8m,noaa.gov,4/23/2019
312,vvan8n,ox.ac.uk,12/7/2019
313,ablaymires8o,so-net.ne.jp,11/23/2019
314,dpfleger8p,ft.com,1/29/2020
315,tgrigg8q,symantec.com,5/6/2019
316,cpanswick8r,xing.com,8/20/2019
317,greucastle8s,shop-pro.jp,2/16/2020
318,mabbati8t,zdnet.com,1/18/2020
319,mspendlove8u,g.co,7/3/2019
320,msollner8v,blogs.com,2/22/2020
321,kandresser8w,china.com.cn,7/31/2019
322,vvasishchev8x,oaic.gov.au,9/24/2019
323,tnolda8y,devhub.com,10/16/2019
324,gambrodi8z,weebly.com,10/25/2019
325,ljuggins90,nytimes.com,5/2/2019
326,cthuillier91,apache.org,5/28/2019
327,cmullen92,wufoo.com,8/28/2019
328,crennolds93,blogspot.com,4/11/2019
329,spontain94,walmart.com,6/12/2019
330,bglozman95,chronoengine.com,1/18/2020
331,astell96,ibm.com,10/29/2019
332,ewildin97,cdc.gov,3/31/2019
333,brubinfajn98,prlog.org,6/21/2019
334,mmatthias99,people.com.cn,9/20/2019
335,ctupman9a,bbc.co.uk,8/26/2019
336,dgoor9b,amazon.co.uk,12/1/2019
337,jclarage9c,phoca.cz,6/12/2019
338,iclarridge9d,pbs.org,6/6/2019
339,rorcott9e,typepad.com,1/31/2020
340,isandford9f,nih.gov,8/29/2019
341,eashleigh9g,freewebs.com,11/17/2019
342,tbirdfield9h,sakura.ne.jp,3/26/2019
343,mcousins9i,purevolume.com,2/27/2020
344,tbeddon9j,zimbio.com,3/4/2019
345,mlackington9k,weebly.com,5/6/2019
346,kbauldrey9l,google.com.hk,9/1/2019
347,krashleigh9m,pagesperso-orange.fr,9/1/2019
348,hfancy9n,51.la,12/2/2019
349,ccausbey9o,paypal.com,1/29/2020
350,tmarciskewski9p,oakley.com,9/26/2019
351,gsearch9q,hud.gov,2/9/2020
352,hslopier9r,ovh.net,9/22/2019
353,lhassin9s,gnu.org,5/13/2019
354,jcrowson9t,live.com,10/8/2019
355,wruse9u,free.fr,6/8/2019
356,arosenboim9v,opera.com,7/3/2019
357,nvassman9w,icio.us,4/28/2019
358,abackshell9x,scientificamerican.com,2/8/2020
359,dskep9y,hud.gov,3/20/2019
360,cschoolfield9z,constantcontact.com,9/20/2019
361,rmorrisha0,so-net.ne.jp,11/22/2019
362,khenkensa1,wiley.com,1/10/2020
363,hjordena2,trellian.com,1/16/2020
364,bdreinana3,people.com.cn,3/25/2019
365,cmcgillivraya4,parallels.com,2/25/2020
366,mbennoea5,issuu.com,2/21/2020
367,cforlonga6,reuters.com,2/1/2020
368,bruea7,nymag.com,1/3/2020
369,kblincoea8,wunderground.com,2/29/2020
370,syellanda9,cbsnews.com,4/2/2019
371,jfebenaa,soundcloud.com,8/28/2019
372,gemlinab,xrea.com,1/14/2020
373,weadeac,yandex.ru,5/12/2019
374,bsherbrookad,hugedomains.com,5/21/2019
375,mhaggerstoneae,oakley.com,2/2/2020
376,ubasantaf,de.vu,9/11/2019
377,ahandsag,ted.com,10/17/2019
378,hbotleyah,yandex.ru,9/5/2019
379,dlawai,domainmarket.com,10/19/2019
380,ltuerenaaj,chronoengine.com,5/9/2019
381,amcintoshak,addthis.com,9/30/2019
382,lmorelandal,is.gd,6/23/2019
383,iangroveam,eepurl.com,4/27/2019
384,jcrinsonan,unc.edu,6/3/2019
385,bmoenao,networksolutions.com,10/28/2019
386,eziebartap,ustream.tv,11/17/2019
387,sbirdenaq,stanford.edu,7/9/2019
388,omachinar,arizona.edu,10/21/2019
389,rskydallas,booking.com,12/29/2019
390,cjobat,google.com,7/11/2019
391,lhallowayau,google.nl,8/25/2019
392,ccherrymanav,whitehouse.gov,1/17/2020
393,ggrzesiakaw,virginia.edu,12/18/2019
394,jedgertonax,stumbleupon.com,6/16/2019
395,eroddyay,mtv.com,10/25/2019
396,epandieaz,loc.gov,9/3/2019
397,eassonb0,cocolog-nifty.com,2/8/2020
398,ghuggenb1,eepurl.com,8/25/2019
399,jbraidenb2,patch.com,8/28/2019
400,rslydeb3,scientificamerican.com,2/25/2020
401,nhewinsb4,addthis.com,4/5/2019
402,dpingstonb5,indiatimes.com,9/10/2019
403,nliptrodb6,unc.edu,4/29/2019
404,nhaconb7,bloomberg.com,7/14/2019
405,mlevettb8,github.com,6/25/2019
406,kstickneyb9,un.org,9/13/2019
407,bsmalecombeba,dell.com,12/27/2019
408,cmohammadbb,webmd.com,5/4/2019
409,sgerltsbc,sourceforge.net,4/6/2019
410,brannsbd,oracle.com,8/18/2019
411,jkennellybe,nps.gov,11/29/2019
412,eeelesbf,wikipedia.org,4/25/2019
413,kjaulmesbg,sfgate.com,7/7/2019
414,vmavingbh,buzzfeed.com,2/11/2020
415,gstruttonbi,delicious.com,9/23/2019
416,alocardbj,dailymotion.com,6/17/2019
417,mwhiteselbk,nih.gov,4/29/2019
418,awadebl,edublogs.org,8/28/2019
419,rkieransbm,google.it,6/6/2019
420,vwestmorelandbn,vistaprint.com,4/1/2019
421,sknottonbo,amazon.de,9/11/2019
422,lparffreybp,nasa.gov,8/26/2019
423,tmcilwrickbq,mapquest.com,12/31/2019
424,cjackettsbr,ovh.net,3/10/2019
425,sprendeguestbs,zimbio.com,1/4/2020
426,cscrivnerbt,hp.com,2/3/2020
427,stillardbu,soundcloud.com,9/3/2019
428,ccreggbv,creativecommons.org,5/12/2019
429,asyradbw,utexas.edu,10/4/2019
430,dgwynethbx,amazon.co.jp,8/30/2019
431,rcorzonby,boston.com,5/19/2019
432,mgranthambz,nymag.com,2/19/2020
433,hgiralc0,un.org,6/26/2019
434,khenkec1,google.de,7/14/2019
435,hleggatc2,liveinternet.ru,1/10/2020
436,rposselwhitec3,columbia.edu,8/3/2019
437,nsavidgec4,psu.edu,11/14/2019
438,jbearsmorec5,kickstarter.com,7/21/2019
439,lfatherc6,nps.gov,10/15/2019
440,ialfwyc7,theatlantic.com,8/1/2019
441,cgroomebridgec8,blogspot.com,7/28/2019
442,athameltc9,columbia.edu,5/19/2019
443,vpougherca,smugmug.com,7/8/2019
444,kwitcombecb,smugmug.com,6/27/2019
445,ameriottcc,infoseek.co.jp,7/1/2019
446,fcaberascd,networkadvertising.org,4/22/2019
447,cthynnce,wix.com,5/19/2019
448,rdanbycf,cam.ac.uk,4/10/2019
449,astanningcg,tumblr.com,11/15/2019
450,ithoriusch,addtoany.com,4/3/2019
451,mmarquessci,cnbc.com,3/13/2019
452,pmussaredcj,umn.edu,3/2/2019
453,tsmethurstck,umn.edu,8/9/2019
454,criddallcl,ameblo.jp,10/19/2019
455,kgavagancm,liveinternet.ru,11/24/2019
456,mayrscn,eepurl.com,8/10/2019
457,ascraneyco,soundcloud.com,10/22/2019
458,cmaccartaircp,youtube.com,8/15/2019
459,bmckunecq,china.com.cn,10/5/2019
460,ewalklingcr,1und1.de,2/19/2020
461,melgiecs,cdbaby.com,3/18/2019
462,aoconcannonct,uol.com.br,12/16/2019
463,gskeppercu,nationalgeographic.com,7/20/2019
464,mternouthcv,geocities.jp,3/3/2019
465,smacclenancw,1688.com,1/16/2020
466,hroocroftcx,yellowpages.com,8/27/2019
467,gstampercy,fema.gov,1/24/2020
468,rferrerescz,home.pl,6/4/2019
469,bcattlemulld0,pagesperso-orange.fr,3/21/2019
470,hbellisd1,loc.gov,9/14/2019
471,bphilipardd2,msn.com,10/1/2019
472,mjacquemardd3,livejournal.com,2/22/2020
473,caireyd4,icio.us,6/18/2019
474,jtythed5,dagondesign.com,12/26/2019
475,jmaciloryd6,blogtalkradio.com,5/7/2019
476,ccustyd7,redcross.org,6/4/2019
477,fmanderd8,bbc.co.uk,10/14/2019
478,llisettd9,mashable.com,11/20/2019
479,zancliffeda,google.es,4/25/2019
480,bguyonnetdb,cdbaby.com,9/24/2019
481,jbrandrickdc,wunderground.com,6/3/2019
482,tmarplesdd,parallels.com,9/16/2019
483,dyssonde,sbwire.com,10/16/2019
484,wroufdf,simplemachines.org,12/10/2019
485,ijestedg,dmoz.org,1/14/2020
486,wannabledh,patch.com,2/24/2020
487,wstuchburydi,mac.com,10/30/2019
488,btrevendj,wufoo.com,4/8/2019
489,amartydk,berkeley.edu,9/21/2019
490,mfernaodl,biblegateway.com,11/19/2019
491,rsecombedm,elegantthemes.com,11/27/2019
492,dlotheringtondn,bloomberg.com,3/31/2019
493,spachecodo,amazon.de,2/23/2020
494,anotherdp,addthis.com,11/23/2019
495,neckertdq,dyndns.org,3/17/2019
496,rbernaldodr,blogs.com,6/2/2019
497,wgeavesds,cnbc.com,5/16/2019
498,smiddupdt,loc.gov,10/7/2019
499,fsherlanddu,amazon.co.uk,4/4/2019
500,evondrachdv,slideshare.net,10/28/2019
501,dlampeldw,kickstarter.com,5/27/2019
502,kcrosoerdx,goodreads.com,9/1/2019
503,jtibbettsdy,oakley.com,1/4/2020
504,wlumbersdz,dot.gov,1/2/2020
505,mcarvillee0,msn.com,6/25/2019
506,pwhissone1,unicef.org,10/13/2019
507,jtessiere2,cornell.edu,6/25/2019
508,etiernane3,furl.net,8/8/2019
509,wpottingere4,gravatar.com,2/1/2020
510,cdealeye5,sourceforge.net,4/25/2019
511,dbaudaccie6,lycos.com,3/1/2020
512,hwillgresse7,godaddy.com,5/14/2019
513,fkarczinskie8,ucoz.ru,5/27/2019
514,darbuckele9,yahoo.com,1/16/2020
515,landreiniea,4shared.com,10/14/2019
516,rcrockeneb,csmonitor.com,1/12/2020
517,wbedburrowec,icq.com,7/19/2019
518,jhedined,miibeian.gov.cn,6/20/2019
519,sosiaghailee,slate.com,5/2/2019
520,vtollemacheef,php.net,1/5/2020
521,dlathomeg,addtoany.com,7/31/2019
522,ttingleeh,odnoklassniki.ru,9/27/2019
523,abraybrookesei,nsw.gov.au,12/6/2019
524,inassiej,about.me,7/2/2019
525,akitteridgeek,tripadvisor.com,10/12/2019
526,mtrouelel,whitehouse.gov,5/23/2019
527,acockhillem,opensource.org,1/2/2020
528,dellswortheen,joomla.org,10/23/2019
529,khardinghameo,tinypic.com,1/16/2020
530,mmorchep,ning.com,9/4/2019
531,akibeleq,wikipedia.org,1/1/2020
532,cfairbrasser,sciencedirect.com,2/8/2020
533,alesekes,businesswire.com,3/11/2019
534,nollandet,yolasite.com,1/22/2020
535,amcgaugheyeu,examiner.com,8/24/2019
536,ccasserleyev,arizona.edu,11/12/2019
537,zmayoralew,weather.com,9/30/2019
538,nguinnessex,house.gov,11/5/2019
539,dorhrtey,amazon.co.jp,11/27/2019
540,rkeemarez,toplist.cz,9/9/2019
541,rchristophef0,guardian.co.uk,11/1/2019
542,bszymonwiczf1,youtu.be,11/7/2019
543,wduffrief2,taobao.com,1/12/2020
544,mgreatbatchf3,mapy.cz,1/14/2020
545,lwinwoodf4,youku.com,6/20/2019
546,movitzf5,gnu.org,11/22/2019
547,bmascallf6,feedburner.com,2/20/2020
548,lshillaberf7,samsung.com,6/2/2019
549,lclackersf8,ed.gov,3/18/2019
550,ncregeenf9,mtv.com,11/19/2019
551,bcampaignefa,geocities.com,1/23/2020
552,dholburyfb,eventbrite.com,9/13/2019
553,sconnettfc,hud.gov,7/4/2019
554,rlucasfd,un.org,4/16/2019
555,nglowachfe,mtv.com,10/3/2019
556,itunstallff,abc.net.au,6/6/2019
557,kgisburnefg,sohu.com,1/22/2020
558,lsiredfh,ifeng.com,10/12/2019
559,pgannonfi,e-recht24.de,12/6/2019
560,cbernardfj,chicagotribune.com,3/4/2019
561,mborresfk,dot.gov,12/18/2019
562,opetyakovfl,marriott.com,8/29/2019
563,plawfullfm,state.gov,11/1/2019
564,atraytonfn,delicious.com,1/19/2020
565,eradouxfo,w3.org,11/2/2019
566,smcclementsfp,shinystat.com,6/29/2019
567,toldfieldcherryfq,spiegel.de,5/26/2019
568,ptrevesfr,ox.ac.uk,10/1/2019
569,msangsterfs,goodreads.com,12/1/2019
570,cboundeyft,vinaora.com,4/20/2019
571,lmontfordfu,goodreads.com,4/19/2019
572,khaskewfv,businessinsider.com,4/7/2019
573,jhastwellfw,indiatimes.com,8/28/2019
574,mbellefantfx,intel.com,11/18/2019
575,lfrewfy,examiner.com,2/7/2020
576,pteaguefz,nps.gov,7/13/2019
577,pruncieg0,xinhuanet.com,3/28/2019
578,condricekg1,comcast.net,11/12/2019
579,rfishlockg2,zdnet.com,2/26/2020
580,mmarchbankg3,samsung.com,11/28/2019
581,ogiffong4,uol.com.br,6/4/2019
582,ckilnerg5,npr.org,6/6/2019
583,hgeaneg6,springer.com,1/20/2020
584,jverlanderg7,oaic.gov.au,7/23/2019
585,jganleyg8,engadget.com,8/8/2019
586,mjennawayg9,xrea.com,8/8/2019
587,lcaroga,flickr.com,4/13/2019
588,cmuddlegb,dailymotion.com,11/30/2019
589,ataiggc,bluehost.com,9/6/2019
590,palandgd,skype.com,6/9/2019
591,lstaterfieldge,qq.com,11/22/2019
592,fleaneygf,gnu.org,10/29/2019
593,dalelsandrowiczgg,storify.com,2/10/2020
594,rpanasgh,addtoany.com,11/30/2019
595,cmoodeygi,ucoz.com,11/7/2019
596,nbeumantgj,go.com,12/5/2019
597,dlomathgk,bizjournals.com,5/2/2019
598,nbywaygl,sun.com,11/14/2019
599,eshermangm,artisteer.com,1/16/2020
600,jgilliardgn,com.com,5/15/2019
601,iperrottgo,mashable.com,4/30/2019
602,obeggsgp,ehow.com,11/17/2019
603,ldimitriadesgq,chronoengine.com,12/1/2019
604,jkapelhofgr,mapquest.com,7/11/2019
605,ttremlettgs,blog.com,2/27/2020
606,ccalltonegt,nytimes.com,10/8/2019
607,pstonehousegu,digg.com,5/8/2019
608,eskottlegv,dmoz.org,12/26/2019
609,jlagogw,google.com.hk,2/10/2020
610,jibbittgx,blog.com,12/31/2019
611,bdobellgy,youtube.com,7/29/2019
612,tscourgegz,google.co.uk,6/20/2019
613,lyegorkinh0,economist.com,1/1/2020
614,jdecleyneh1,netlog.com,9/3/2019
615,jgreganh2,google.de,12/8/2019
616,ncostarh3,sphinn.com,6/9/2019
617,mneesamh4,dropbox.com,1/7/2020
618,lrubinekh5,umn.edu,12/16/2019
619,apostanh6,simplemachines.org,8/27/2019
620,fkettlestringh7,hc360.com,5/20/2019
621,mhaddonh8,networkadvertising.org,10/20/2019
622,gyellowleeh9,timesonline.co.uk,7/26/2019
623,thasselbyha,walmart.com,8/20/2019
624,efoulkshb,mtv.com,12/17/2019
625,skliemkehc,loc.gov,4/20/2019
626,aleehd,addtoany.com,7/27/2019
627,chuggonshe,flavors.me,5/24/2019
628,sbaudhf,opensource.org,4/18/2019
629,nformanhg,nifty.com,8/10/2019
630,esherarhh,ocn.ne.jp,1/29/2020
631,abedlehi,slashdot.org,11/19/2019
632,talbrohj,mozilla.com,7/27/2019
633,lsweetlovehk,desdev.cn,8/17/2019
634,mhazelgrovehl,statcounter.com,3/2/2019
635,aounsworthhm,nytimes.com,11/22/2019
636,nfilipchikovhn,spotify.com,1/16/2020
637,gcuddehayho,photobucket.com,5/13/2019
638,mallmannhp,si.edu,2/18/2020
639,tmacvaghhq,hibu.com,3/4/2019
640,jtooheyhr,ocn.ne.jp,12/17/2019
641,scarrellhs,pcworld.com,4/11/2019
642,shuniwallht,java.com,5/3/2019
643,mpeilehu,instagram.com,2/22/2020
644,knunneryhv,aol.com,8/15/2019
645,fraffonhw,weebly.com,1/30/2020
646,gcellahx,sina.com.cn,11/9/2019
647,vaspenlonhy,scientificamerican.com,10/15/2019
648,aellsonhz,twitter.com,10/1/2019
649,bbackleri0,prlog.org,7/8/2019
650,kfeldsterni1,princeton.edu,7/18/2019
651,hharlei2,homestead.com,1/29/2020
652,ephilipardi3,shop-pro.jp,9/26/2019
653,lcotgravei4,theguardian.com,6/26/2019
654,vkimptoni5,purevolume.com,12/18/2019
655,lmiddlebrooki6,51.la,8/4/2019
656,bgisbyi7,google.nl,11/18/2019
657,bgodilingtoni8,google.com.br,3/25/2019
658,mrouberti9,independent.co.uk,6/21/2019
659,pmcgrayia,issuu.com,5/10/2019
660,falonsoib,amazon.co.uk,5/9/2019
661,snoteic,is.gd,6/10/2019
662,rrickerseyid,tripadvisor.com,3/11/2019
663,tpollardie,yellowbook.com,1/30/2020
664,spetroffif,apache.org,4/10/2019
665,ebenneyworthig,com.com,7/23/2019
666,dloosih,usda.gov,3/30/2019
667,bhebardii,time.com,1/11/2020
668,ssemeradovaij,cmu.edu,8/3/2019
669,lbraithwaiteik,ucoz.ru,8/14/2019
670,bwallentinil,friendfeed.com,3/5/2019
671,kcantoim,lycos.com,1/21/2020
672,wmcjarrowin,wunderground.com,10/15/2019
673,ipenhalurickio,jugem.jp,6/17/2019
674,wtiuitip,ning.com,7/31/2019
675,soviseiq,bluehost.com,10/6/2019
676,mplumbleyir,addthis.com,2/26/2020
677,vmacgregoris,bbc.co.uk,2/25/2020
678,kdericutit,meetup.com,7/16/2019
679,gkunkeliu,odnoklassniki.ru,6/29/2019
680,lfranckliniv,wikispaces.com,5/16/2019
681,mspridgeoniw,techcrunch.com,1/24/2020
682,cbarsonix,dailymail.co.uk,3/27/2019
683,lrimouriy,google.cn,8/28/2019
684,dmallaniz,phoca.cz,6/4/2019
685,awyburnj0,chicagotribune.com,10/20/2019
686,gyarkerj1,ezinearticles.com,3/15/2019
687,dmcvaughj2,jigsy.com,6/28/2019
688,lgodballj3,posterous.com,8/25/2019
689,epreatorj4,purevolume.com,11/7/2019
690,msiggj5,com.com,9/22/2019
691,cpundj6,hatena.ne.jp,5/30/2019
692,jeckelsj7,hexun.com,8/20/2019
693,dlorenzettij8,sbwire.com,12/16/2019
694,cbiaggij9,hatena.ne.jp,6/2/2019
695,aricciardellija,xrea.com,6/16/2019
696,asamplejb,yolasite.com,11/20/2019
697,avickarjc,icq.com,4/24/2019
698,awincklejd,disqus.com,8/25/2019
699,awinterbourneje,uol.com.br,5/4/2019
700,fswainsonjf,webmd.com,12/10/2019
701,kbonnesenjg,google.pl,1/9/2020
702,abottrilljh,yale.edu,4/28/2019
703,cgerattji,columbia.edu,3/19/2019
704,mcunniffejj,amazon.de,4/3/2019
705,mbramahjk,blogspot.com,8/31/2019
706,jansteysjl,sfgate.com,3/10/2019
707,tpollicottjm,arizona.edu,12/28/2019
708,gwinchjn,elegantthemes.com,2/6/2020
709,jcannanjo,sciencedirect.com,12/10/2019
710,fsheardsjp,mayoclinic.com,11/12/2019
711,dcritchardjq,instagram.com,10/8/2019
712,lromeriljr,auda.org.au,3/7/2019
713,kvassejs,archive.org,2/12/2020
714,bkeiltyjt,reddit.com,12/9/2019
715,cfinesju,behance.net,8/31/2019
716,smidfordjv,irs.gov,8/16/2019
717,dmucklestonejw,biglobe.ne.jp,1/20/2020
718,bmcveighjx,nymag.com,2/23/2020
719,kgennjy,smugmug.com,11/7/2019
720,egallawayjz,paginegialle.it,12/12/2019
721,eaddenbrookek0,arstechnica.com,7/11/2019
722,pmcfarlandk1,trellian.com,12/1/2019
723,gkoenraadk2,abc.net.au,12/8/2019
724,agrzeszczakk3,behance.net,2/20/2020
725,fjenningsk4,epa.gov,10/29/2019
726,agonzalok5,oracle.com,9/1/2019
727,moleyk6,technorati.com,12/3/2019
728,bkubask7,lulu.com,7/14/2019
729,rfarthingk8,geocities.jp,5/4/2019
730,lfirmank9,arstechnica.com,7/11/2019
731,fwashtellka,google.nl,12/19/2019
732,jhuckb,fotki.com,3/18/2019
733,eburrkc,prweb.com,8/13/2019
734,adoylendkd,clickbank.net,12/9/2019
735,ekeeganke,zimbio.com,3/13/2019
736,acrickettkf,independent.co.uk,12/26/2019
737,drosettinikg,mysql.com,5/29/2019
738,garnaldykh,netvibes.com,12/4/2019
739,dpaoliki,japanpost.jp,3/7/2019
740,wgrenfellkj,1688.com,2/22/2020
741,acrebottkk,ebay.co.uk,7/17/2019
742,cbyrnekl,wikia.com,3/27/2019
743,abalstonkm,skyrock.com,11/14/2019
744,bahmedkn,house.gov,11/28/2019
745,dtookeyko,linkedin.com,5/3/2019
746,swhittuckkp,state.tx.us,8/8/2019
747,atunbridgekq,dot.gov,3/21/2019
748,sleonidakr,imageshack.us,9/5/2019
749,cgaultks,nationalgeographic.com,12/12/2019
750,mparrettkt,usda.gov,11/30/2019
751,nbloorku,princeton.edu,10/27/2019
752,cfairecloughkv,uiuc.edu,7/13/2019
753,dfarleykw,sciencedaily.com,11/30/2019
754,gmcmainskx,columbia.edu,3/13/2019
755,sdaubneyky,ed.gov,8/13/2019
756,fcamelikz,blogs.com,9/7/2019
757,nreayl0,wunderground.com,6/3/2019
758,wcollisterl1,infoseek.co.jp,11/12/2019
759,lcurcherl2,ocn.ne.jp,1/20/2020
760,emacfarlandl3,yellowpages.com,3/31/2019
761,ibohlmannl4,yahoo.com,11/5/2019
762,gfoulkesl5,google.co.uk,11/22/2019
763,whannel6,squidoo.com,4/21/2019
764,gbrumfittl7,ocn.ne.jp,4/19/2019
765,vtheuffl8,jiathis.com,4/18/2019
766,sswannelll9,skyrock.com,4/7/2019
767,lbrowerla,nifty.com,8/1/2019
768,hfranklinglb,epa.gov,12/3/2019
769,tdabornelc,pinterest.com,1/29/2020
770,bcardwellld,oracle.com,6/20/2019
771,drenzinile,utexas.edu,6/6/2019
772,nkimmerlinglf,hatena.ne.jp,4/2/2019
773,ahanfreylg,wikia.com,5/20/2019
774,babdielh,blogs.com,8/12/2019
775,rmacveighli,shutterfly.com,7/25/2019
776,ameritonlj,yahoo.co.jp,4/3/2019
777,mmaccartneylk,cnbc.com,12/20/2019
778,pchrismasll,storify.com,5/12/2019
779,jmurriganslm,disqus.com,2/5/2020
780,sellerln,nature.com,5/15/2019
781,qsewelllo,ask.com,7/13/2019
782,dphytheanlp,vinaora.com,2/17/2020
783,nfibbitlq,toplist.cz,6/18/2019
784,ctolfreylr,army.mil,4/27/2019
785,cbeggls,miitbeian.gov.cn,5/1/2019
786,aandrzejlt,google.pl,8/1/2019
787,bservantelu,wordpress.org,9/2/2019
788,nsteynorlv,slate.com,12/4/2019
789,acrumbielw,unesco.org,2/18/2020
790,bmcsaullx,ftc.gov,6/30/2019
791,bmacconchiely,redcross.org,1/27/2020
792,jraysdalelz,desdev.cn,6/16/2019
793,gtutchellm0,amazon.com,7/6/2019
794,hhowtonm1,vistaprint.com,5/24/2019
795,hhunstonem2,elegantthemes.com,7/17/2019
796,hstawellm3,feedburner.com,8/11/2019
797,vyoungm4,miitbeian.gov.cn,3/11/2019
798,emcdonellm5,ed.gov,4/9/2019
799,zraggm6,virginia.edu,1/28/2020
800,iwardalem7,disqus.com,3/19/2019
801,tlawlandm8,people.com.cn,6/30/2019
802,kgodspedem9,t-online.de,12/31/2019
803,irenowdenma,psu.edu,12/11/2019
804,edurwardmb,uol.com.br,8/29/2019
805,kjiroutkamc,cyberchimps.com,12/17/2019
806,cbrocksmd,discuz.net,3/8/2019
807,tkubalame,merriam-webster.com,10/23/2019
808,abulgenmf,geocities.com,4/8/2019
809,mamossmg,google.co.uk,9/5/2019
810,ctroyesmh,freewebs.com,3/25/2019
811,bbudnikmi,wired.com,8/22/2019
812,jcamidgemj,weibo.com,12/10/2019
813,nhogginmk,uiuc.edu,12/27/2019
814,pkelledyml,mail.ru,5/20/2019
815,dkuberamm,admin.ch,3/29/2019
816,arodsonmn,fc2.com,5/28/2019
817,agwythermo,netlog.com,6/28/2019
818,mbellwoodmp,devhub.com,5/26/2019
819,ehutchcraftmq,netlog.com,6/23/2019
820,cmcindrewmr,ocn.ne.jp,4/25/2019
821,hmclaughlanms,sphinn.com,7/12/2019
822,vvarfolomeevmt,symantec.com,10/2/2019
823,tcollibearmu,si.edu,6/26/2019
824,ameldonmv,geocities.jp,11/7/2019
825,skinghornmw,usgs.gov,1/4/2020
826,hsilvestermx,bloomberg.com,10/8/2019
827,ktopleymy,cloudflare.com,7/26/2019
828,mhamelmz,indiegogo.com,2/27/2020
829,galmackn0,cbc.ca,8/12/2019
830,beberlen1,mail.ru,3/15/2019
831,mbompasn2,google.ru,1/5/2020
832,jkurthn3,eventbrite.com,4/1/2019
833,negdelln4,boston.com,9/24/2019
834,uescaleran5,shutterfly.com,5/1/2019
835,iwinnn6,clickbank.net,5/7/2019
836,hkingscoten7,newyorker.com,10/3/2019
837,mmatelyunasn8,cyberchimps.com,4/2/2019
838,jbantonn9,intel.com,6/8/2019
839,aantenna,dyndns.org,8/2/2019
840,eboecknb,narod.ru,12/2/2019
841,thearnenc,zdnet.com,5/7/2019
842,bgarritynd,foxnews.com,7/9/2019
843,rhuskissonne,slate.com,12/26/2019
844,dalexisnf,hc360.com,10/21/2019
845,hwhitlandng,ted.com,12/16/2019
846,amaggiorinh,uol.com.br,7/7/2019
847,slandeauxni,sun.com,1/29/2020
848,hmerrettnj,list-manage.com,6/14/2019
849,krocknk,networkadvertising.org,2/9/2020
850,msimoninnl,cmu.edu,9/7/2019
851,skingcottnm,gnu.org,3/12/2019
852,ecasselynn,imageshack.us,1/7/2020
853,rgrivorino,chronoengine.com,9/25/2019
854,asecretnp,goodreads.com,12/12/2019
855,bhawlernq,lulu.com,3/14/2019
856,cmintonr,purevolume.com,4/27/2019
857,dfuentezns,boston.com,12/9/2019
858,kfairrient,creativecommons.org,3/24/2019
859,sgarhamnu,google.de,9/19/2019
860,cgoudienv,symantec.com,11/13/2019
861,sgustickenw,nationalgeographic.com,12/29/2019
862,kgethennx,ebay.com,5/10/2019
863,lbagshaweny,google.ru,10/18/2019
864,bwoolfordenz,soundcloud.com,12/16/2019
865,tcameranao0,si.edu,4/8/2019
866,csereso1,cyberchimps.com,5/16/2019
867,takamo2,pinterest.com,4/26/2019
868,ihawneyo3,amazon.de,5/31/2019
869,khopkinso4,answers.com,5/7/2019
870,gjouanetono5,google.com.hk,3/28/2019
871,cdudnyo6,google.cn,4/12/2019
872,coconcannono7,china.com.cn,2/2/2020
873,efromanto8,about.com,1/31/2020
874,nwakelino9,lycos.com,11/6/2019
875,adurbanoa,cocolog-nifty.com,12/13/2019
876,lshimonyob,bandcamp.com,6/8/2019
877,jforteyoc,facebook.com,1/31/2020
878,dpomeroyod,amazon.de,6/25/2019
879,bgostykeoe,goo.ne.jp,2/26/2020
880,dperfordof,illinois.edu,10/22/2019
881,fthomasenog,imgur.com,8/7/2019
882,tlastoh,bravesites.com,7/27/2019
883,olennardeoi,imageshack.us,12/30/2019
884,edoxseyoj,imgur.com,12/21/2019
885,vwagstaffeok,webmd.com,6/19/2019
886,colahyol,springer.com,3/19/2019
887,isibbonsom,miitbeian.gov.cn,2/21/2020
888,jgaitoneon,blogtalkradio.com,6/24/2019
889,ssnibsonoo,nydailynews.com,4/3/2019
890,gcovingtonop,barnesandnoble.com,3/20/2019
891,jknowlleroq,studiopress.com,10/11/2019
892,rgimblettor,un.org,8/20/2019
893,kweatherburnos,google.nl,7/27/2019
894,daylinot,engadget.com,5/29/2019
895,tgosfordou,archive.org,7/12/2019
896,jseyersov,usda.gov,12/22/2019
897,sserverow,abc.net.au,4/9/2019
898,tridwoodox,symantec.com,6/20/2019
899,kspieroy,mayoclinic.com,7/22/2019
900,rblaydonoz,chronoengine.com,3/18/2019
901,ehawsep0,mozilla.org,12/31/2019
902,fsmailp1,delicious.com,1/18/2020
903,eyeowellp2,php.net,6/11/2019
904,cradagep3,blogger.com,10/3/2019
905,mdunkerleyp4,sohu.com,12/12/2019
906,bdillicatep5,twitter.com,6/22/2019
907,swaycottp6,cbc.ca,12/6/2019
908,kplampinp7,arizona.edu,5/30/2019
909,ahabbeshawp8,gov.uk,3/9/2019
910,gtappp9,statcounter.com,8/9/2019
911,akenanpa,bing.com,9/10/2019
912,cbaythroppb,time.com,6/24/2019
913,icourtoispc,desdev.cn,1/21/2020
914,mdrewrypd,webeden.co.uk,8/18/2019
915,mhainspe,netlog.com,10/23/2019
916,asawfordpf,github.com,5/8/2019
917,dhaversonpg,techcrunch.com,10/10/2019
918,plamdenph,acquirethisname.com,1/27/2020
919,kmandellpi,stumbleupon.com,12/12/2019
920,mbambrapj,smh.com.au,1/15/2020
921,sbalnavepk,goo.ne.jp,11/11/2019
922,fjammetpl,godaddy.com,7/31/2019
923,jtinkerpm,cafepress.com,7/18/2019
924,kcausierpn,naver.com,3/7/2019
925,nturlandpo,blinklist.com,1/9/2020
926,nklimespp,edublogs.org,8/9/2019
927,dlavrinovpq,prweb.com,3/29/2019
928,smcgrealpr,lulu.com,7/9/2019
929,dcordelps,google.co.jp,4/26/2019
930,bpalfreemanpt,independent.co.uk,6/5/2019
931,aheathfieldpu,geocities.jp,3/20/2019
932,dlangfittpv,imdb.com,11/11/2019
933,dboundepw,ed.gov,1/7/2020
934,cotleypx,about.com,9/7/2019
935,bkulicpy,cornell.edu,11/29/2019
936,mjansepz,mtv.com,6/16/2019
937,sbahiaq0,nbcnews.com,4/19/2019
938,rbleierq1,bigcartel.com,7/31/2019
939,lmuckianq2,twitter.com,4/17/2019
940,crainsdonq3,shutterfly.com,11/10/2019
941,bantatq4,state.gov,10/30/2019
942,fblewmenq5,tamu.edu,11/26/2019
943,fsteckingsq6,so-net.ne.jp,11/9/2019
944,emartinovskyq7,spotify.com,1/27/2020
945,pscamelq8,bloglovin.com,7/28/2019
946,dbeiderbeckeq9,apache.org,8/1/2019
947,apaschkeqa,comsenz.com,9/24/2019
948,iforrestorqb,nymag.com,10/12/2019
949,tcasierqc,addtoany.com,6/19/2019
950,mohaganqd,exblog.jp,1/14/2020
951,amibourneqe,cocolog-nifty.com,5/9/2019
952,dcrazeqf,webeden.co.uk,12/14/2019
953,dmitchelqg,joomla.org,8/23/2019
954,jgoodenqh,youtube.com,9/12/2019
955,zswayteqi,umn.edu,12/29/2019
956,dlutonqj,irs.gov,3/29/2019
957,nstairqk,360.cn,11/2/2019
958,jebertsql,acquirethisname.com,8/21/2019
959,ielstonqm,hhs.gov,11/10/2019
960,mmccloidqn,fema.gov,4/5/2019
961,adadsonqo,spiegel.de,4/16/2019
962,hgrabhamqp,woothemes.com,4/24/2019
963,bguiceqq,flickr.com,1/20/2020
964,gsarneyqr,marketwatch.com,3/25/2019
965,tcottierqs,nationalgeographic.com,5/9/2019
966,allorenteqt,skype.com,7/10/2019
967,jdongallqu,google.it,5/27/2019
968,bheakinsqv,joomla.org,2/12/2020
969,sgeldeardqw,mashable.com,9/30/2019
970,bnutkinqx,arizona.edu,9/4/2019
971,amugglestoneqy,mlb.com,4/15/2019
972,ewhebleqz,census.gov,3/4/2019
973,avanarsdallr0,independent.co.uk,2/2/2020
974,efrancescor1,blogs.com,5/13/2019
975,llutwycher2,va.gov,12/29/2019
976,cdambrogir3,uol.com.br,11/22/2019
977,bgraysmarkr4,joomla.org,5/16/2019
978,zburnerr5,mozilla.com,6/8/2019
979,mcoopr6,microsoft.com,7/7/2019
980,skeuner7,1und1.de,7/10/2019
981,mandreuttir8,desdev.cn,1/31/2020
982,piddiensr9,ucoz.com,4/9/2019
983,cstentonra,gizmodo.com,12/28/2019
984,lwrigglesworthrb,topsy.com,2/12/2020
985,glearnedrc,washington.edu,12/7/2019
986,istammirsrd,paginegialle.it,3/16/2019
987,mcottellre,latimes.com,12/26/2019
988,pmealifferf,toplist.cz,2/6/2020
989,mewanrg,yahoo.co.jp,8/9/2019
990,llintillrh,artisteer.com,4/23/2019
991,cnusseyri,dyndns.org,4/24/2019
992,esalvatorerj,berkeley.edu,8/18/2019
993,ckennonrk,skyrock.com,5/27/2019
994,ltuffellrl,bloomberg.com,12/5/2019
995,nwoolamrm,wordpress.com,11/19/2019
996,mmiddlemistrn,wisc.edu,1/17/2020
997,dcawsonro,guardian.co.uk,8/1/2019
998,tbernaldezrp,constantcontact.com,8/7/2019
999,lbrackrq,printfriendly.com,12/29/2019
1000,notsonrr,trellian.com,3/1/2020
